vehicle_id,license_plate,carrier,model_id,image,lore
84+83,,PZ,MTMA07,https://translate.google.com/translate?hl=en&sl=auto&tl=en&u=http://www.kmpk.cba.pl/grafika/zdjecia/moderus_48.jpg,
88+87,,PZ,MTMA07,https://translate.google.com/translate?hl=en&sl=auto&tl=en&u=http://www.kmpk.cba.pl/grafika/zdjecia/moderus_343.jpg,
98+97,,PZ,KN105K,https://translate.google.com/translate?hl=en&sl=auto&tl=en&u=http://www.kmpk.cba.pl/grafika/zdjecia/105nadk_42.jpg,
112+111,,PZ,KN105N,https://translate.google.com/translate?hl=en&sl=auto&tl=en&u=http://www.kmpk.cba.pl/grafika/zdjecia/105na_366.jpg,
116+115,,PZ,KN105N,https://translate.google.com/translate?hl=en&sl=auto&tl=en&u=http://www.kmpk.poznan.cba.pl/grafika/zdjecia/stop_338.jpg,
118+117,,PZ,KN105K,https://translate.google.com/translate?hl=en&sl=auto&tl=en&u=http://www.kmpk.cba.pl/grafika/zdjecia/105nadk_13.jpg,
126+125,,PZ,KN105N,https://translate.google.com/translate?hl=en&sl=auto&tl=en&u=http://www.kmpk.cba.pl/grafika/zdjecia/105na_353.jpg,
128+129,,PZ,KN105N,https://translate.google.com/translate?hl=en&sl=auto&tl=en&u=http://www.kmpk.cba.pl/grafika/zdjecia/105na_287.jpg,
134+135,,PZ,KN105N,https://translate.google.com/translate?hl=en&sl=auto&tl=en&u=http://www.kmpk.cba.pl/grafika/zdjecia/105na_376.jpg,
136+137,,PZ,KN105N,https://translate.google.com/translate?hl=en&sl=auto&tl=en&u=http://www.kmpk.cba.pl/grafika/zdjecia/stop_22.jpg,
138+139,,PZ,KN105N,https://translate.google.com/translate?hl=en&sl=auto&tl=en&u=http://www.kmpk.cba.pl/grafika/zdjecia/105na_372.jpg,
140+141,,PZ,MTMA07,https://translate.google.com/translate?hl=en&sl=auto&tl=en&u=http://www.kmpk.cba.pl/grafika/zdjecia/moderus_354.jpg,
142+143,,PZ,KN105N,https://translate.google.com/translate?hl=en&sl=auto&tl=en&u=http://www.kmpk.poznan.cba.pl/grafika/zdjecia/stop_333.jpg,
144+145,,PZ,KN105N,https://translate.google.com/translate?hl=en&sl=auto&tl=en&u=http://www.kmpk.cba.pl/grafika/zdjecia/105na_385.jpg,
148+149,,PZ,KN105N,https://translate.google.com/translate?hl=en&sl=auto&tl=en&u=http://www.kmpk.poznan.cba.pl/grafika/zdjecia/stop_320.jpg,
150+151,,PZ,MTMA04,https://translate.google.com/translate?hl=en&sl=auto&tl=en&u=http://www.kmpk.poznan.cba.pl/grafika/zdjecia/moderus_340.jpg,
152+153,,PZ,MTMA04,https://translate.google.com/translate?hl=en&sl=auto&tl=en&u=http://www.kmpk.cba.pl/grafika/zdjecia/moderus_9.jpg,
156+157,,PZ,KN105N,https://translate.google.com/translate?hl=en&sl=auto&tl=en&u=http://www.kmpk.cba.pl/grafika/zdjecia/105na_386.jpg,
162+161,,PZ,KN105N,https://translate.google.com/translate?hl=en&sl=auto&tl=en&u=http://www.kmpk.cba.pl/grafika/zdjecia/105na_373.jpg,
166+165,,PZ,MTMA07,https://translate.google.com/translate?hl=en&sl=auto&tl=en&u=http://www.kmpk.cba.pl/grafika/zdjecia/moderus_45.jpg,
168+167,,PZ,MTMA07,https://translate.google.com/translate?hl=en&sl=auto&tl=en&u=http://www.kmpk.cba.pl/grafika/zdjecia/moderus_299.jpg,
172+171,,PZ,KN105N,https://translate.google.com/translate?hl=en&sl=auto&tl=en&u=http://www.kmpk.cba.pl/grafika/zdjecia/stop_255.jpg,
174+173,,PZ,KN105N,https://translate.google.com/translate?hl=en&sl=auto&tl=en&u=http://www.kmpk.cba.pl/grafika/zdjecia/stop_25.jpg,
180+179,,PZ,MTMA07,https://translate.google.com/translate?hl=en&sl=auto&tl=en&u=http://www.kmpk.cba.pl/grafika/zdjecia/moderus_347.jpg,
182+181,,PZ,MTMA07,https://translate.google.com/translate?hl=en&sl=auto&tl=en&u=http://www.kmpk.poznan.cba.pl/grafika/zdjecia/moderus_333.jpg,
188+187,,PZ,MTMA07,https://translate.google.com/translate?hl=en&sl=auto&tl=en&u=http://www.kmpk.cba.pl/grafika/zdjecia/moderus_42.jpg,
190+189,,PZ,KN105N,https://translate.google.com/translate?hl=en&sl=auto&tl=en&u=http://www.kmpk.cba.pl/grafika/zdjecia/stop_90.jpg,
192+191,,PZ,MTMA07,https://translate.google.com/translate?hl=en&sl=auto&tl=en&u=http://www.kmpk.poznan.cba.pl/grafika/zdjecia/moderus_327.jpg,
198+197,,PZ,MTMA07,https://translate.google.com/translate?hl=en&sl=auto&tl=en&u=http://www.kmpk.cba.pl/grafika/zdjecia/moderus_288.jpg,
204+203,,PZ,MTMA07,https://translate.google.com/translate?hl=en&sl=auto&tl=en&u=http://www.kmpk.cba.pl/grafika/zdjecia/moderus_302.jpg,
206+205,,PZ,KN105N,https://translate.google.com/translate?hl=en&sl=auto&tl=en&u=http://www.kmpk.poznan.cba.pl/grafika/zdjecia/stop_112.jpg,
212+211,,PZ,KN105K,https://translate.google.com/translate?hl=en&sl=auto&tl=en&u=http://www.kmpk.cba.pl/grafika/zdjecia/105nadk_38.jpg,
218+215,,PZ,MTMA07,https://translate.google.com/translate?hl=en&sl=auto&tl=en&u=http://www.kmpk.cba.pl/grafika/zdjecia/moderus_38.jpg,
220+219,,PZ,KN105N,https://translate.google.com/translate?hl=en&sl=auto&tl=en&u=http://www.kmpk.cba.pl/grafika/zdjecia/105na_374.jpg,
224+223,,PZ,MTMA07,https://translate.google.com/translate?hl=en&sl=auto&tl=en&u=http://www.kmpk.cba.pl/grafika/zdjecia/moderus_47.jpg,
226+225,,PZ,MTMA07,https://translate.google.com/translate?hl=en&sl=auto&tl=en&u=http://www.kmpk.poznan.cba.pl/grafika/zdjecia/moderus_337.jpg,
228+227,,PZ,MTMA07,https://translate.google.com/translate?hl=en&sl=auto&tl=en&u=http://www.kmpk.poznan.cba.pl/grafika/zdjecia/moderus_328.jpg,
234+233,,PZ,MTMA07,https://translate.google.com/translate?hl=en&sl=auto&tl=en&u=http://www.kmpk.poznan.cba.pl/grafika/zdjecia/moderus_338.jpg,
244+243,,PZ,KN105N,https://translate.google.com/translate?hl=en&sl=auto&tl=en&u=http://www.kmpk.cba.pl/grafika/zdjecia/stop_223.jpg,
264+263,,PZ,KN105N,https://translate.google.com/translate?hl=en&sl=auto&tl=en&u=http://www.kmpk.cba.pl/grafika/zdjecia/105na_384.jpg,
272+273,,PZ,MTMA07,https://translate.google.com/translate?hl=en&sl=auto&tl=en&u=http://www.kmpk.cba.pl/grafika/zdjecia/moderus_352.jpg,
290+291,,PZ,KN105N,https://translate.google.com/translate?hl=en&sl=auto&tl=en&u=http://www.kmpk.cba.pl/grafika/zdjecia/stop_27.jpg,
298+299,,PZ,KN105N,https://translate.google.com/translate?hl=en&sl=auto&tl=en&u=http://www.kmpk.cba.pl/grafika/zdjecia/105na_379.jpg,
310+311,,PZ,KN105N,https://translate.google.com/translate?hl=en&sl=auto&tl=en&u=http://www.kmpk.poznan.cba.pl/grafika/zdjecia/stop_349.jpg,
312+313,,PZ,KN105N,https://translate.google.com/translate?hl=en&sl=auto&tl=en&u=http://www.kmpk.poznan.cba.pl/grafika/zdjecia/stop_98.jpg,
314+315,,PZ,KN105N,https://translate.google.com/translate?hl=en&sl=auto&tl=en&u=http://www.kmpk.cba.pl/grafika/zdjecia/105na_383.jpg,"These two carraiges were originally bought in 1989 as 105NT units. They were withdrawn from service in 1997 due to high failure rate and lack of spare parts. As a result of general reconstruction carried out in 2000 and 2010, they were converted to 105Na carriages."
324+325,,PZ,KN105N,https://translate.google.com/translate?hl=en&sl=auto&tl=en&u=http://www.kmpk.cba.pl/grafika/zdjecia/105na_387.jpg,
336+337,,PZ,MTMA07,https://translate.google.com/translate?hl=en&sl=auto&tl=en&u=http://www.kmpk.poznan.cba.pl/grafika/zdjecia/moderus_309.jpg,
399,,PZ,CKT606,https://translate.google.com/translate?hl=en&sl=auto&tl=en&u=http://www.kmpk.cba.pl/grafika/zdjecia/tatra_228.jpg,"However, this one was purchased and modernised in 2021."
400,,PZ,CKT606,https://translate.google.com/translate?hl=en&sl=auto&tl=en&u=http://www.kmpk.cba.pl/grafika/zdjecia/tatra_237.jpg,"However, this one was purchased and modernised in 2021."
401,,PZ,CKT606,https://translate.google.com/translate?hl=en&sl=auto&tl=en&u=http://www.kmpk.cba.pl/grafika/zdjecia/tatra_221.jpg,
402,,PZ,CKT606,https://translate.google.com/translate?hl=en&sl=auto&tl=en&u=http://www.kmpk.cba.pl/grafika/zdjecia/tatra_234.jpg,
403,,PZ,CKT606,https://translate.google.com/translate?hl=en&sl=auto&tl=en&u=http://www.kmpk.cba.pl/grafika/zdjecia/tatra_214.jpg,
404,,PZ,CKT606,https://translate.google.com/translate?hl=en&sl=auto&tl=en&u=http://www.kmpk.cba.pl/grafika/zdjecia/tatra_184.jpg,
405,,PZ,CKT606,https://translate.google.com/translate?hl=en&sl=auto&tl=en&u=http://www.kmpk.cba.pl/grafika/zdjecia/tatra_209.jpg,
406,,PZ,CKT606,https://translate.google.com/translate?hl=en&sl=auto&tl=en&u=http://www.kmpk.cba.pl/grafika/zdjecia/tatra_210.jpg,
407,,PZ,CKT606,https://translate.google.com/translate?hl=en&sl=auto&tl=en&u=http://www.kmpk.cba.pl/grafika/zdjecia/tatra_179.jpg,
408,,PZ,CKT606,https://translate.google.com/translate?hl=en&sl=auto&tl=en&u=http://www.kmpk.cba.pl/grafika/zdjecia/tatra_178.jpg,
409,,PZ,CKT606,https://translate.google.com/translate?hl=en&sl=auto&tl=en&u=http://www.kmpk.cba.pl/grafika/zdjecia/tatra_217.jpg,
410,,PZ,CKT606,https://translate.google.com/translate?hl=en&sl=auto&tl=en&u=http://www.kmpk.cba.pl/grafika/zdjecia/tatra_208.jpg,
411,,PZ,CKT606,https://translate.google.com/translate?hl=en&sl=auto&tl=en&u=http://www.kmpk.cba.pl/grafika/zdjecia/tatra_232.jpg,
412,,PZ,CKT606,https://translate.google.com/translate?hl=en&sl=auto&tl=en&u=http://www.kmpk.cba.pl/grafika/zdjecia/tatra_202.jpg,
413,,PZ,CKT606,https://translate.google.com/translate?hl=en&sl=auto&tl=en&u=http://www.kmpk.cba.pl/grafika/zdjecia/tatra_198.jpg,
414,,PZ,CKT606,https://translate.google.com/translate?hl=en&sl=auto&tl=en&u=http://www.kmpk.cba.pl/grafika/zdjecia/tatra_236.jpg,
415,,PZ,MTMB02,https://translate.google.com/translate?hl=en&sl=auto&tl=en&u=http://www.kmpk.cba.pl/grafika/zdjecia/beta_92.jpg,
416,,PZ,MTMB02,https://translate.google.com/translate?hl=en&sl=auto&tl=en&u=http://www.kmpk.cba.pl/grafika/zdjecia/beta_144.jpg,
417,,PZ,MTMB02,https://translate.google.com/translate?hl=en&sl=auto&tl=en&u=http://www.kmpk.cba.pl/grafika/zdjecia/beta_209.jpg,
418,,PZ,MTMB02,https://translate.google.com/translate?hl=en&sl=auto&tl=en&u=http://www.kmpk.poznan.cba.pl/grafika/zdjecia/beta_22.jpg,
419,,PZ,MTMB02,https://translate.google.com/translate?hl=en&sl=auto&tl=en&u=http://www.kmpk.cba.pl/grafika/zdjecia/beta_211.jpg,
420,,PZ,MTMB02,https://translate.google.com/translate?hl=en&sl=auto&tl=en&u=http://www.kmpk.cba.pl/grafika/zdjecia/beta_120.jpg,
421,,PZ,MTMB02,https://translate.google.com/translate?hl=en&sl=auto&tl=en&u=http://www.kmpk.cba.pl/grafika/zdjecia/beta_142.jpg,
422,,PZ,MTMB02,https://translate.google.com/translate?hl=en&sl=auto&tl=en&u=http://www.kmpk.cba.pl/grafika/zdjecia/beta_160.jpg,
423,,PZ,MTMB02,https://translate.google.com/translate?hl=en&sl=auto&tl=en&u=http://www.kmpk.cba.pl/grafika/zdjecia/beta_180.jpg,
424,,PZ,MTMB02,https://translate.google.com/translate?hl=en&sl=auto&tl=en&u=http://www.kmpk.cba.pl/grafika/zdjecia/beta_138.jpg,
425,,PZ,MTMB02,https://translate.google.com/translate?hl=en&sl=auto&tl=en&u=http://www.kmpk.cba.pl/grafika/zdjecia/beta_231.jpg,
426,,PZ,MTMB02,https://translate.google.com/translate?hl=en&sl=auto&tl=en&u=http://www.kmpk.cba.pl/grafika/zdjecia/beta_200.jpg,
427,,PZ,MTMB02,https://translate.google.com/translate?hl=en&sl=auto&tl=en&u=http://www.kmpk.cba.pl/grafika/zdjecia/beta_145.jpg,
428,,PZ,MTMB02,https://translate.google.com/translate?hl=en&sl=auto&tl=en&u=http://www.kmpk.cba.pl/grafika/zdjecia/beta_222.jpg,
429,,PZ,MTMB02,https://translate.google.com/translate?hl=en&sl=auto&tl=en&u=http://www.kmpk.cba.pl/grafika/zdjecia/beta_85.jpg,
430,,PZ,MTMB02,https://translate.google.com/translate?hl=en&sl=auto&tl=en&u=http://www.kmpk.cba.pl/grafika/zdjecia/beta_212.jpg,
431,,PZ,MTMB02,https://translate.google.com/translate?hl=en&sl=auto&tl=en&u=http://www.kmpk.cba.pl/grafika/zdjecia/beta_214.jpg,
432,,PZ,MTMB02,https://translate.google.com/translate?hl=en&sl=auto&tl=en&u=http://www.kmpk.cba.pl/grafika/zdjecia/beta_220.jpg,
433,,PZ,MTMB02,https://translate.google.com/translate?hl=en&sl=auto&tl=en&u=http://www.kmpk.cba.pl/grafika/zdjecia/beta_210.jpg,
434,,PZ,MTMB02,https://translate.google.com/translate?hl=en&sl=auto&tl=en&u=http://www.kmpk.cba.pl/grafika/zdjecia/beta_181.jpg,
435,,PZ,MTMB02,https://translate.google.com/translate?hl=en&sl=auto&tl=en&u=http://www.kmpk.cba.pl/grafika/zdjecia/beta_232.jpg,
436,,PZ,MTMB02,https://translate.google.com/translate?hl=en&sl=auto&tl=en&u=http://www.kmpk.cba.pl/grafika/zdjecia/beta_217.jpg,
437,,PZ,MTMB02,https://translate.google.com/translate?hl=en&sl=auto&tl=en&u=http://www.kmpk.cba.pl/grafika/zdjecia/beta_135.jpg,
438,,PZ,MTMB02,https://translate.google.com/translate?hl=en&sl=auto&tl=en&u=http://www.kmpk.cba.pl/grafika/zdjecia/beta_94.jpg,This tram was rebuilt after a major accident and repurposed for a training tram.
441,,PZ,MTMB20,https://translate.google.com/translate?hl=en&sl=auto&tl=en&u=http://www.kmpk.cba.pl/grafika/zdjecia/beta_97.jpg,
442,,PZ,MTMB20,https://translate.google.com/translate?hl=en&sl=auto&tl=en&u=http://www.kmpk.cba.pl/grafika/zdjecia/beta_101.jpg,
443,,PZ,MTMB20,https://translate.google.com/translate?hl=en&sl=auto&tl=en&u=http://www.kmpk.cba.pl/grafika/zdjecia/beta_104.jpg,
444,,PZ,MTMB20,https://translate.google.com/translate?hl=en&sl=auto&tl=en&u=http://www.kmpk.cba.pl/grafika/zdjecia/beta_155.jpg,
445,,PZ,MTMB20,https://translate.google.com/translate?hl=en&sl=auto&tl=en&u=http://www.kmpk.cba.pl/grafika/zdjecia/beta_208.jpg,
446,,PZ,MTMB20,https://translate.google.com/translate?hl=en&sl=auto&tl=en&u=http://www.kmpk.cba.pl/grafika/zdjecia/beta_229.jpg,
447,,PZ,MTMB20,https://translate.google.com/translate?hl=en&sl=auto&tl=en&u=http://www.kmpk.cba.pl/grafika/zdjecia/beta_226.jpg,
448,,PZ,MTMB20,https://translate.google.com/translate?hl=en&sl=auto&tl=en&u=http://www.kmpk.cba.pl/grafika/zdjecia/beta_204.jpg,
449,,PZ,MTMB20,https://translate.google.com/translate?hl=en&sl=auto&tl=en&u=http://www.kmpk.cba.pl/grafika/zdjecia/beta_191.jpg,
450,,PZ,MTMB20,https://translate.google.com/translate?hl=en&sl=auto&tl=en&u=http://www.kmpk.cba.pl/grafika/zdjecia/beta_116.jpg,
451,,PZ,MTMB20,https://translate.google.com/translate?hl=en&sl=auto&tl=en&u=http://www.kmpk.cba.pl/grafika/zdjecia/beta_179.jpg,
452,,PZ,MTMB20,https://translate.google.com/translate?hl=en&sl=auto&tl=en&u=http://www.kmpk.cba.pl/grafika/zdjecia/beta_157.jpg,
453,,PZ,MTMB20,https://translate.google.com/translate?hl=en&sl=auto&tl=en&u=http://www.kmpk.cba.pl/grafika/zdjecia/beta_122.jpg,
454,,PZ,MTMB20,https://translate.google.com/translate?hl=en&sl=auto&tl=en&u=http://www.kmpk.cba.pl/grafika/zdjecia/beta_224.jpg,
455,,PZ,MTMB20,https://translate.google.com/translate?hl=en&sl=auto&tl=en&u=http://www.kmpk.cba.pl/grafika/zdjecia/beta_130.jpg,
456,,PZ,MTMB20,https://translate.google.com/translate?hl=en&sl=auto&tl=en&u=http://www.kmpk.cba.pl/grafika/zdjecia/beta_126.jpg,
457,,PZ,MTMB20,https://translate.google.com/translate?hl=en&sl=auto&tl=en&u=http://www.kmpk.cba.pl/grafika/zdjecia/beta_188.jpg,
458,,PZ,MTMB20,https://translate.google.com/translate?hl=en&sl=auto&tl=en&u=http://www.kmpk.cba.pl/grafika/zdjecia/beta_134.jpg,
459,,PZ,MTMB20,https://translate.google.com/translate?hl=en&sl=auto&tl=en&u=http://www.kmpk.cba.pl/grafika/zdjecia/beta_131.jpg,
460,,PZ,MTMB20,https://translate.google.com/translate?hl=en&sl=auto&tl=en&u=http://www.kmpk.cba.pl/grafika/zdjecia/beta_133.jpg,
500,,PZ,MTMG01,https://translate.google.com/translate?hl=en&sl=auto&tl=en&u=http://www.kmpk.cba.pl/grafika/zdjecia/gamma_4.jpg,"This tram is the sole prototype unit labeled as LF01. Prior to the start of regular service in Poznań, it was presented and tested for several years in different cities."
501,,PZ,SMCMCL,https://translate.google.com/translate?hl=en&sl=auto&tl=en&u=http://www.kmpk.cba.pl/grafika/zdjecia/combino_249.jpg,
502,,PZ,SMCMCL,https://translate.google.com/translate?hl=en&sl=auto&tl=en&u=http://www.kmpk.cba.pl/grafika/zdjecia/combino_236.jpg,
503,,PZ,SMCMCL,https://translate.google.com/translate?hl=en&sl=auto&tl=en&u=http://www.kmpk.cba.pl/grafika/zdjecia/combino_224.jpg,
504,,PZ,SMCMCL,https://translate.google.com/translate?hl=en&sl=auto&tl=en&u=http://www.kmpk.cba.pl/grafika/zdjecia/combino_217.jpg,
505,,PZ,SMCMCL,https://translate.google.com/translate?hl=en&sl=auto&tl=en&u=http://www.kmpk.cba.pl/grafika/zdjecia/combino_255.jpg,
506,,PZ,SMCMCL,https://translate.google.com/translate?hl=en&sl=auto&tl=en&u=http://www.kmpk.cba.pl/grafika/zdjecia/combino_227.jpg,
507,,PZ,SMCMCL,https://translate.google.com/translate?hl=en&sl=auto&tl=en&u=http://www.kmpk.cba.pl/grafika/zdjecia/combino_273.jpg,
508,,PZ,SMCMCL,https://translate.google.com/translate?hl=en&sl=auto&tl=en&u=http://www.kmpk.cba.pl/grafika/zdjecia/combino_264.jpg,
509,,PZ,SMCMCL,https://translate.google.com/translate?hl=en&sl=auto&tl=en&u=http://www.kmpk.cba.pl/grafika/zdjecia/combino_262.jpg,
510,,PZ,SMCMCL,https://translate.google.com/translate?hl=en&sl=auto&tl=en&u=http://www.kmpk.cba.pl/grafika/zdjecia/combino_272.jpg,
511,,PZ,SMCMCL,https://translate.google.com/translate?hl=en&sl=auto&tl=en&u=http://www.kmpk.cba.pl/grafika/zdjecia/combino_260.jpg,
512,,PZ,SMCMCL,https://translate.google.com/translate?hl=en&sl=auto&tl=en&u=http://www.kmpk.cba.pl/grafika/zdjecia/combino_241.jpg,
513,,PZ,SMCMCL,https://translate.google.com/translate?hl=en&sl=auto&tl=en&u=http://www.kmpk.cba.pl/grafika/zdjecia/combino_244.jpg,
514,,PZ,SMCMCL,https://translate.google.com/translate?hl=en&sl=auto&tl=en&u=http://www.kmpk.cba.pl/grafika/zdjecia/combino_269.jpg,
515,,PZ,SLT105,https://translate.google.com/translate?hl=en&sl=auto&tl=en&u=http://www.kmpk.cba.pl/grafika/zdjecia/traminop_251.jpg,
516,,PZ,SLT105,https://translate.google.com/translate?hl=en&sl=auto&tl=en&u=http://www.kmpk.cba.pl/grafika/zdjecia/traminop_267.jpg,
517,,PZ,SLT105,https://translate.google.com/translate?hl=en&sl=auto&tl=en&u=http://www.kmpk.cba.pl/grafika/zdjecia/traminop_291.jpg,
518,,PZ,SLT105,https://translate.google.com/translate?hl=en&sl=auto&tl=en&u=http://www.kmpk.cba.pl/grafika/zdjecia/traminop_290.jpg,
519,,PZ,SLT105,https://translate.google.com/translate?hl=en&sl=auto&tl=en&u=http://www.kmpk.cba.pl/grafika/zdjecia/traminop_221.jpg,
520,,PZ,SLT105,https://translate.google.com/translate?hl=en&sl=auto&tl=en&u=http://www.kmpk.cba.pl/grafika/zdjecia/traminop_276.jpg,
521,,PZ,SLT105,https://translate.google.com/translate?hl=en&sl=auto&tl=en&u=http://www.kmpk.cba.pl/grafika/zdjecia/traminop_238.jpg,
522,,PZ,SLT105,https://translate.google.com/translate?hl=en&sl=auto&tl=en&u=http://www.kmpk.cba.pl/grafika/zdjecia/traminop_234.jpg,
523,,PZ,SLT105,https://translate.google.com/translate?hl=en&sl=auto&tl=en&u=http://www.kmpk.cba.pl/grafika/zdjecia/traminop_208.jpg,
524,,PZ,SLT105,https://translate.google.com/translate?hl=en&sl=auto&tl=en&u=http://www.kmpk.cba.pl/grafika/zdjecia/traminop_279.jpg,
525,,PZ,SLT105,https://translate.google.com/translate?hl=en&sl=auto&tl=en&u=http://www.kmpk.cba.pl/grafika/zdjecia/traminop_209.jpg,
526,,PZ,SLT105,https://translate.google.com/translate?hl=en&sl=auto&tl=en&u=http://www.kmpk.poznan.cba.pl/grafika/zdjecia/traminop_153.jpg,
527,,PZ,SLT105,https://translate.google.com/translate?hl=en&sl=auto&tl=en&u=http://www.kmpk.cba.pl/grafika/zdjecia/traminop_292.jpg,
528,,PZ,SLT105,https://translate.google.com/translate?hl=en&sl=auto&tl=en&u=http://www.kmpk.cba.pl/grafika/zdjecia/traminop_284.jpg,
529,,PZ,SLT105,https://translate.google.com/translate?hl=en&sl=auto&tl=en&u=http://www.kmpk.poznan.cba.pl/grafika/zdjecia/traminop_113.jpg,
530,,PZ,SLT105,https://translate.google.com/translate?hl=en&sl=auto&tl=en&u=http://www.kmpk.poznan.cba.pl/grafika/zdjecia/traminop_152.jpg,
531,,PZ,SLT105,https://translate.google.com/translate?hl=en&sl=auto&tl=en&u=http://www.kmpk.cba.pl/grafika/zdjecia/traminop_286.jpg,
532,,PZ,SLT105,https://translate.google.com/translate?hl=en&sl=auto&tl=en&u=http://www.kmpk.poznan.cba.pl/grafika/zdjecia/traminop_142.jpg,
533,,PZ,SLT105,https://translate.google.com/translate?hl=en&sl=auto&tl=en&u=http://www.kmpk.cba.pl/grafika/zdjecia/traminop_288.jpg,
534,,PZ,SLT105,https://translate.google.com/translate?hl=en&sl=auto&tl=en&u=http://www.kmpk.cba.pl/grafika/zdjecia/traminop_296.jpg,
535,,PZ,SLT105,https://translate.google.com/translate?hl=en&sl=auto&tl=en&u=http://www.kmpk.poznan.cba.pl/grafika/zdjecia/traminop_173.jpg,
536,,PZ,SLT105,https://translate.google.com/translate?hl=en&sl=auto&tl=en&u=http://www.kmpk.cba.pl/grafika/zdjecia/traminop_262.jpg,
537,,PZ,SLT105,https://translate.google.com/translate?hl=en&sl=auto&tl=en&u=http://www.kmpk.cba.pl/grafika/zdjecia/traminop_226.jpg,
538,,PZ,SLT105,https://translate.google.com/translate?hl=en&sl=auto&tl=en&u=http://www.kmpk.cba.pl/grafika/zdjecia/traminop_242.jpg,
539,,PZ,SLT105,https://translate.google.com/translate?hl=en&sl=auto&tl=en&u=http://www.kmpk.poznan.cba.pl/grafika/zdjecia/traminop_190.jpg,
540,,PZ,SLT105,https://translate.google.com/translate?hl=en&sl=auto&tl=en&u=http://www.kmpk.poznan.cba.pl/grafika/zdjecia/traminop_198.jpg,
541,,PZ,SLT105,https://translate.google.com/translate?hl=en&sl=auto&tl=en&u=http://www.kmpk.cba.pl/grafika/zdjecia/traminop_277.jpg,
542,,PZ,SLT105,https://translate.google.com/translate?hl=en&sl=auto&tl=en&u=http://www.kmpk.cba.pl/grafika/zdjecia/traminop_272.jpg,
543,,PZ,SLT105,https://translate.google.com/translate?hl=en&sl=auto&tl=en&u=http://www.kmpk.cba.pl/grafika/zdjecia/traminop_264.jpg,
544,,PZ,SLT105,https://translate.google.com/translate?hl=en&sl=auto&tl=en&u=http://www.kmpk.cba.pl/grafika/zdjecia/traminop_233.jpg,
545,,PZ,SLT105,https://translate.google.com/translate?hl=en&sl=auto&tl=en&u=http://www.kmpk.cba.pl/grafika/zdjecia/traminop_297.jpg,
546,,PZ,SLT105,https://translate.google.com/translate?hl=en&sl=auto&tl=en&u=http://www.kmpk.cba.pl/grafika/zdjecia/traminop_202.jpg,
547,,PZ,SLT105,https://translate.google.com/translate?hl=en&sl=auto&tl=en&u=http://www.kmpk.cba.pl/grafika/zdjecia/traminop_270.jpg,
548,,PZ,SLT105,https://translate.google.com/translate?hl=en&sl=auto&tl=en&u=http://www.kmpk.poznan.cba.pl/grafika/zdjecia/traminop_163.jpg,
549,,PZ,SLT105,https://translate.google.com/translate?hl=en&sl=auto&tl=en&u=http://www.kmpk.cba.pl/grafika/zdjecia/traminop_229.jpg,
550,,PZ,SLT105,https://translate.google.com/translate?hl=en&sl=auto&tl=en&u=http://www.kmpk.cba.pl/grafika/zdjecia/traminop_263.jpg,
551,,PZ,SLT105,https://translate.google.com/translate?hl=en&sl=auto&tl=en&u=http://www.kmpk.cba.pl/grafika/zdjecia/traminop_294.jpg,
552,,PZ,SLT105,https://translate.google.com/translate?hl=en&sl=auto&tl=en&u=http://www.kmpk.cba.pl/grafika/zdjecia/traminop_266.jpg,
553,,PZ,SLT105,https://translate.google.com/translate?hl=en&sl=auto&tl=en&u=http://www.kmpk.poznan.cba.pl/grafika/zdjecia/traminop_144.jpg,
554,,PZ,SLT105,https://translate.google.com/translate?hl=en&sl=auto&tl=en&u=http://www.kmpk.poznan.cba.pl/grafika/zdjecia/traminop_187.jpg,
555,,PZ,SLT105,https://translate.google.com/translate?hl=en&sl=auto&tl=en&u=http://www.kmpk.cba.pl/grafika/zdjecia/traminop_271.jpg,
556,,PZ,SLT105,https://translate.google.com/translate?hl=en&sl=auto&tl=en&u=http://www.kmpk.cba.pl/grafika/zdjecia/traminop_269.jpg,
557,,PZ,SLT105,https://translate.google.com/translate?hl=en&sl=auto&tl=en&u=http://www.kmpk.cba.pl/grafika/zdjecia/traminop_249.jpg,
558,,PZ,SLT105,https://translate.google.com/translate?hl=en&sl=auto&tl=en&u=http://www.kmpk.cba.pl/grafika/zdjecia/traminop_278.jpg,
559,,PZ,SLT105,https://translate.google.com/translate?hl=en&sl=auto&tl=en&u=http://www.kmpk.cba.pl/grafika/zdjecia/traminop_287.jpg,
560,,PZ,SLT100,https://translate.google.com/translate?hl=en&sl=auto&tl=en&u=http://www.kmpk.cba.pl/grafika/zdjecia/tramino_67.jpg,"As is usually the case with prototype trams, this unit wears a different livery."
600,,PZ,MTMG05,https://www.poznanskieautobusy.pl/pl/gallery/image?view=image&format=raw&type=orig&id=13641,This tram is the sole prototype unit labeled as LF05. Test drives with passengers are currently being conducted.
601,,PZ,MTMG02,https://translate.google.com/translate?hl=en&sl=auto&tl=en&u=http://www.kmpk.cba.pl/grafika/zdjecia/gammapoz_132.jpg,
602,,PZ,MTMG02,https://translate.google.com/translate?hl=en&sl=auto&tl=en&u=http://www.kmpk.cba.pl/grafika/zdjecia/gammapoz_110.jpg,
603,,PZ,MTMG02,https://translate.google.com/translate?hl=en&sl=auto&tl=en&u=http://www.kmpk.cba.pl/grafika/zdjecia/gammapoz_134.jpg,
604,,PZ,MTMG02,https://translate.google.com/translate?hl=en&sl=auto&tl=en&u=http://www.kmpk.cba.pl/grafika/zdjecia/gammapoz_128.jpg,
605,,PZ,MTMG02,https://translate.google.com/translate?hl=en&sl=auto&tl=en&u=http://www.kmpk.cba.pl/grafika/zdjecia/gammapoz_100.jpg,
606,,PZ,MTMG02,https://translate.google.com/translate?hl=en&sl=auto&tl=en&u=http://www.kmpk.cba.pl/grafika/zdjecia/gammapoz_26.jpg,
607,,PZ,MTMG02,https://translate.google.com/translate?hl=en&sl=auto&tl=en&u=http://www.kmpk.cba.pl/grafika/zdjecia/gammapoz_30.jpg,
608,,PZ,MTMG02,https://translate.google.com/translate?hl=en&sl=auto&tl=en&u=http://www.kmpk.cba.pl/grafika/zdjecia/gammapoz_65.jpg,
609,,PZ,MTMG02,https://translate.google.com/translate?hl=en&sl=auto&tl=en&u=http://www.kmpk.cba.pl/grafika/zdjecia/gammapoz_122.jpg,
610,,PZ,MTMG02,https://translate.google.com/translate?hl=en&sl=auto&tl=en&u=http://www.kmpk.cba.pl/grafika/zdjecia/gammapoz_31.jpg,
611,,PZ,MTMG02,https://translate.google.com/translate?hl=en&sl=auto&tl=en&u=http://www.kmpk.cba.pl/grafika/zdjecia/gammapoz_41.jpg,
612,,PZ,MTMG02,https://translate.google.com/translate?hl=en&sl=auto&tl=en&u=http://www.kmpk.cba.pl/grafika/zdjecia/gammapoz_61.jpg,
613,,PZ,MTMG02,https://translate.google.com/translate?hl=en&sl=auto&tl=en&u=http://www.kmpk.cba.pl/grafika/zdjecia/gammapoz_123.jpg,
614,,PZ,MTMG02,https://translate.google.com/translate?hl=en&sl=auto&tl=en&u=http://www.kmpk.cba.pl/grafika/zdjecia/gammapoz_106.jpg,
615,,PZ,MTMG02,https://translate.google.com/translate?hl=en&sl=auto&tl=en&u=http://www.kmpk.cba.pl/grafika/zdjecia/gammapoz_51.jpg,
616,,PZ,MTMG02,https://translate.google.com/translate?hl=en&sl=auto&tl=en&u=http://www.kmpk.cba.pl/grafika/zdjecia/gammapoz_137.jpg,
617,,PZ,MTMG02,https://translate.google.com/translate?hl=en&sl=auto&tl=en&u=http://www.kmpk.cba.pl/grafika/zdjecia/gammapoz_55.jpg,
618,,PZ,MTMG02,https://translate.google.com/translate?hl=en&sl=auto&tl=en&u=http://www.kmpk.cba.pl/grafika/zdjecia/gammapoz_127.jpg,
619,,PZ,MTMG02,https://translate.google.com/translate?hl=en&sl=auto&tl=en&u=http://www.kmpk.cba.pl/grafika/zdjecia/gammapoz_83.jpg,
620,,PZ,MTMG02,https://translate.google.com/translate?hl=en&sl=auto&tl=en&u=http://www.kmpk.cba.pl/grafika/zdjecia/gammapoz_96.jpg,
621,,PZ,MTMG02,https://translate.google.com/translate?hl=en&sl=auto&tl=en&u=http://www.kmpk.cba.pl/grafika/zdjecia/gammapoz_69.jpg,
622,,PZ,MTMG02,https://translate.google.com/translate?hl=en&sl=auto&tl=en&u=http://www.kmpk.cba.pl/grafika/zdjecia/gammapoz_81.jpg,
623,,PZ,MTMG02,https://translate.google.com/translate?hl=en&sl=auto&tl=en&u=http://www.kmpk.cba.pl/grafika/zdjecia/gammapoz_135.jpg,
624,,PZ,MTMG02,https://translate.google.com/translate?hl=en&sl=auto&tl=en&u=http://www.kmpk.cba.pl/grafika/zdjecia/gammapoz_136.jpg,
625,,PZ,MTMG02,https://translate.google.com/translate?hl=en&sl=auto&tl=en&u=http://www.kmpk.cba.pl/grafika/zdjecia/gammapoz_109.jpg,
626,,PZ,MTMG02,https://translate.google.com/translate?hl=en&sl=auto&tl=en&u=http://www.kmpk.cba.pl/grafika/zdjecia/gammapoz_82.jpg,
627,,PZ,MTMG02,https://translate.google.com/translate?hl=en&sl=auto&tl=en&u=http://www.kmpk.cba.pl/grafika/zdjecia/gammapoz_112.jpg,
628,,PZ,MTMG02,https://translate.google.com/translate?hl=en&sl=auto&tl=en&u=http://www.kmpk.cba.pl/grafika/zdjecia/gammapoz_89.jpg,
629,,PZ,MTMG02,https://translate.google.com/translate?hl=en&sl=auto&tl=en&u=http://www.kmpk.cba.pl/grafika/zdjecia/gammapoz_111.jpg,
630,,PZ,MTMG02,https://translate.google.com/translate?hl=en&sl=auto&tl=en&u=http://www.kmpk.cba.pl/grafika/zdjecia/gammapoz_90.jpg,
655,,PZ,DUGT08,https://translate.google.com/translate?hl=en&sl=auto&tl=en&u=http://www.kmpk.cba.pl/grafika/zdjecia/gt8_187.jpg,
901,,PZ,DUGT8Z,https://translate.google.com/translate?hl=en&sl=auto&tl=en&u=http://www.kmpk.cba.pl/grafika/zdjecia/gt8zr_121.jpg,
903,,PZ,DUGT8Z,https://translate.google.com/translate?hl=en&sl=auto&tl=en&u=http://www.kmpk.cba.pl/grafika/zdjecia/gt8zr_223.jpg,
904,,PZ,DUGT8Z,https://translate.google.com/translate?hl=en&sl=auto&tl=en&u=http://www.kmpk.cba.pl/grafika/zdjecia/gt8zr_214.jpg,
905,,PZ,DUGT8Z,https://translate.google.com/translate?hl=en&sl=auto&tl=en&u=http://www.kmpk.cba.pl/grafika/zdjecia/gt8zr_145.jpg,
906,,PZ,DUGT8Z,https://translate.google.com/translate?hl=en&sl=auto&tl=en&u=http://www.kmpk.cba.pl/grafika/zdjecia/gt8zr_144.jpg,
907,,PZ,DUGT8Z,https://translate.google.com/translate?hl=en&sl=auto&tl=en&u=http://www.kmpk.cba.pl/grafika/zdjecia/gt8zr_181.jpg,
911,,PZ,MTMB22,https://translate.google.com/translate?hl=en&sl=auto&tl=en&u=http://www.kmpk.cba.pl/grafika/zdjecia/beta-bd_35.jpg,
912,,PZ,MTMB22,https://translate.google.com/translate?hl=en&sl=auto&tl=en&u=http://www.kmpk.cba.pl/grafika/zdjecia/beta-bd_65.jpg,
913,,PZ,MTMB22,https://translate.google.com/translate?hl=en&sl=auto&tl=en&u=http://www.kmpk.cba.pl/grafika/zdjecia/beta-bd_39.jpg,
914,,PZ,MTMB22,https://translate.google.com/translate?hl=en&sl=auto&tl=en&u=http://www.kmpk.cba.pl/grafika/zdjecia/beta-bd_41.jpg,
915,,PZ,MTMB22,https://translate.google.com/translate?hl=en&sl=auto&tl=en&u=http://www.kmpk.cba.pl/grafika/zdjecia/beta-bd_18.jpg,
916,,PZ,MTMB22,https://translate.google.com/translate?hl=en&sl=auto&tl=en&u=http://www.kmpk.cba.pl/grafika/zdjecia/beta-bd_22.jpg,
917,,PZ,MTMB22,https://translate.google.com/translate?hl=en&sl=auto&tl=en&u=http://www.kmpk.cba.pl/grafika/zdjecia/beta-bd_55.jpg,
918,,PZ,MTMB22,https://translate.google.com/translate?hl=en&sl=auto&tl=en&u=http://www.kmpk.cba.pl/grafika/zdjecia/beta-bd_34.jpg,
919,,PZ,MTMB22,https://translate.google.com/translate?hl=en&sl=auto&tl=en&u=http://www.kmpk.cba.pl/grafika/zdjecia/beta-bd_63.jpg,
920,,PZ,MTMB22,https://translate.google.com/translate?hl=en&sl=auto&tl=en&u=http://www.kmpk.cba.pl/grafika/zdjecia/beta-bd_27.jpg,
921,,PZ,MTMG03,https://translate.google.com/translate?hl=en&sl=auto&tl=en&u=http://www.kmpk.cba.pl/grafika/zdjecia/gamma-bd_31.jpg,
922,,PZ,MTMG03,https://translate.google.com/translate?hl=en&sl=auto&tl=en&u=http://www.kmpk.cba.pl/grafika/zdjecia/gamma-bd_17.jpg,
923,,PZ,MTMG03,https://translate.google.com/translate?hl=en&sl=auto&tl=en&u=http://www.kmpk.cba.pl/grafika/zdjecia/gamma-bd_19.jpg,
924,,PZ,MTMG03,https://translate.google.com/translate?hl=en&sl=auto&tl=en&u=http://www.kmpk.cba.pl/grafika/zdjecia/gamma-bd_22.jpg,
925,,PZ,MTMG03,https://translate.google.com/translate?hl=en&sl=auto&tl=en&u=http://www.kmpk.cba.pl/grafika/zdjecia/gamma-bd_81.jpg,
926,,PZ,MTMG03,https://translate.google.com/translate?hl=en&sl=auto&tl=en&u=http://www.kmpk.cba.pl/grafika/zdjecia/gamma-bd_96.jpg,
927,,PZ,MTMG03,https://translate.google.com/translate?hl=en&sl=auto&tl=en&u=http://www.kmpk.cba.pl/grafika/zdjecia/gamma-bd_111.jpg,
928,,PZ,MTMG03,https://translate.google.com/translate?hl=en&sl=auto&tl=en&u=http://www.kmpk.cba.pl/grafika/zdjecia/gamma-bd_90.jpg,
929,,PZ,MTMG03,https://translate.google.com/translate?hl=en&sl=auto&tl=en&u=http://www.kmpk.cba.pl/grafika/zdjecia/gamma-bd_64.jpg,
930,,PZ,MTMG03,https://translate.google.com/translate?hl=en&sl=auto&tl=en&u=http://www.kmpk.cba.pl/grafika/zdjecia/gamma-bd_87.jpg,
931,,PZ,MTMG03,https://translate.google.com/translate?hl=en&sl=auto&tl=en&u=http://www.kmpk.cba.pl/grafika/zdjecia/gamma-bd_50.jpg,
932,,PZ,MTMG03,https://translate.google.com/translate?hl=en&sl=auto&tl=en&u=http://www.kmpk.cba.pl/grafika/zdjecia/gamma-bd_65.jpg,
933,,PZ,MTMG03,https://translate.google.com/translate?hl=en&sl=auto&tl=en&u=http://www.kmpk.cba.pl/grafika/zdjecia/gamma-bd_37.jpg,
934,,PZ,MTMG03,https://translate.google.com/translate?hl=en&sl=auto&tl=en&u=http://www.kmpk.cba.pl/grafika/zdjecia/gamma-bd_44.jpg,
935,,PZ,MTMG03,https://translate.google.com/translate?hl=en&sl=auto&tl=en&u=http://www.kmpk.cba.pl/grafika/zdjecia/gamma-bd_108.jpg,
936,,PZ,MTMG03,https://translate.google.com/translate?hl=en&sl=auto&tl=en&u=http://www.kmpk.cba.pl/grafika/zdjecia/gamma-bd_42.jpg,
937,,PZ,MTMG03,https://translate.google.com/translate?hl=en&sl=auto&tl=en&u=http://www.kmpk.cba.pl/grafika/zdjecia/gamma-bd_74.jpg,
938,,PZ,MTMG03,https://translate.google.com/translate?hl=en&sl=auto&tl=en&u=http://www.kmpk.cba.pl/grafika/zdjecia/gamma-bd_73.jpg,
939,,PZ,MTMG03,https://translate.google.com/translate?hl=en&sl=auto&tl=en&u=http://www.kmpk.cba.pl/grafika/zdjecia/gamma-bd_48.jpg,
940,,PZ,MTMG03,https://translate.google.com/translate?hl=en&sl=auto&tl=en&u=http://www.kmpk.cba.pl/grafika/zdjecia/gamma-bd_61.jpg,
1001,PO 1UX06,PZ,SL412E,https://www.poznanskieautobusy.pl/pl/gallery/image?view=image&format=raw&type=orig&id=13254,
1002,,PZ,,,
1003,,PZ,,,
1004,,PZ,,,
1005,,PZ,,,
1006,PO 1UX07,PZ,SL412E,https://www.poznanskieautobusy.pl/pl/gallery/image?view=image&format=raw&type=orig&id=12844,
1007,,PZ,,,
1008,,PZ,,,
1009,,PZ,,,
1010,,PZ,,,
1011,,PZ,,,
1012,PO 2UX44,PZ,SL412E,https://www.poznanskieautobusy.pl/pl/gallery/image?view=image&format=raw&type=orig&id=13069,
1013,,PZ,,,
1014,,PZ,,,
1015,,PZ,,,
1016,,PZ,,,
1017,,PZ,,,
1018,,PZ,,,
1019,,PZ,,,
1020,,PZ,,,
1021,PO 3WA21,PZ,SL412E,https://www.poznanskieautobusy.pl/pl/gallery/image?view=image&format=raw&type=orig&id=12979,
1022,PO 1UG52,PZ,SL412E,https://www.poznanskieautobusy.pl/pl/gallery/image?view=image&format=raw&type=orig&id=12949,
1023,,PZ,,,
1024,,PZ,,,
1025,PO 2UG32,PZ,SL412E,,
1026,,PZ,,,
1027,PO 1UG31,PZ,SL412E,https://www.poznanskieautobusy.pl/pl/gallery/image?view=image&format=raw&type=orig&id=13163,
1028,,PZ,,,
1029,PO 3WA01,PZ,SL412E,https://www.poznanskieautobusy.pl/pl/gallery/image?view=image&format=raw&type=orig&id=13035,
1030,,PZ,,,
1031,PO 3WA02,PZ,SL412E,https://www.poznanskieautobusy.pl/pl/gallery/image?view=image&format=raw&type=orig&id=13051,
1111,,PZ,,,
1115,,PZ,,,
1116,,PZ,,,
1117,,PZ,,,
1122,,PZ,,,
1123,,PZ,,,
1124,,PZ,,,
1125,,PZ,,,
1126,,PZ,,,
1127,,PZ,,,
1133,,PZ,,,
1134,,PZ,,,
1135,,PZ,,,
1201,,PZ,,,
1202,,PZ,,,
1203,,PZ,,,
1204,,PZ,,,
1205,PO 2UX03,PZ,SL418E,https://www.poznanskieautobusy.pl/pl/gallery/image?view=image&format=raw&type=orig&id=12922,
1206,,PZ,,,
1250,WPR 9020P,PZ,MNNG73,https://www.poznanskieautobusy.pl/pl/gallery/image?view=image&format=raw&type=orig&id=13560,This bus served in Poznań as a test bus in mid-2023.
1251,,PZ,,,
1252,,PZ,,,
1253,,PZ,,,
1254,,PZ,,,
1255,,PZ,,,
1256,,PZ,,,
1257,PO 911MN,PZ,SL318D,https://www.poznanskieautobusy.pl/pl/gallery/image?view=image&format=raw&type=orig&id=10207,
1258,PO 930MS,PZ,SL318D,https://www.poznanskieautobusy.pl/pl/gallery/image?view=image&format=raw&type=orig&id=10206,
1259,,PZ,,,
1260,PO 288RL,PZ,SL318D,https://www.poznanskieautobusy.pl/pl/gallery/image?view=image&format=raw&type=orig&id=8173,
1261,,PZ,,,
1262,PO 133RP,PZ,SL318D,https://www.poznanskieautobusy.pl/pl/gallery/image?view=image&format=raw&type=orig&id=10197,
1263,,PZ,,,
1264,PO 876SF,PZ,SL318D,https://www.poznanskieautobusy.pl/pl/gallery/image?view=image&format=raw&type=orig&id=10933,
1265,PO 436SV,PZ,SL318D,https://www.poznanskieautobusy.pl/pl/gallery/image?view=image&format=raw&type=orig&id=10534,
1266,,PZ,,,
1267,,PZ,,,
1268,,PZ,,,
1269,,PZ,,,
1270,PO 480SY,PZ,SL318D,https://www.poznanskieautobusy.pl/pl/gallery/image?view=image&format=raw&type=orig&id=10625,
1301,,PZ,,,
1302,,PZ,,,
1303,,PZ,,,
1304,,PZ,,,
1305,,PZ,,,
1306,,PZ,,,
1307,PY 49202,PZ,MBC345,https://www.poznanskieautobusy.pl/pl/gallery/image?view=image&format=raw&type=orig&id=13537,
1308,,PZ,,,
1309,,PZ,,,
1310,PY 52944,PZ,MBC345,https://www.poznanskieautobusy.pl/pl/gallery/image?view=image&format=raw&type=orig&id=13618,
1311,,PZ,,,
1312,PO 50798,PZ,MBC345,https://www.poznanskieautobusy.pl/pl/gallery/image?view=image&format=raw&type=orig&id=13539,
1313,PY 49318,PZ,MBC345,https://www.poznanskieautobusy.pl/pl/gallery/image?view=image&format=raw&type=orig&id=13715,
1314,PY 52257,PZ,MBC345,https://www.poznanskieautobusy.pl/pl/gallery/image?view=image&format=raw&type=orig&id=13614,
1315,PY 49613,PZ,MBC345,https://www.poznanskieautobusy.pl/pl/gallery/image?view=image&format=raw&type=orig&id=13583,
1316,PY 52256,PZ,MBC345,https://www.poznanskieautobusy.pl/pl/gallery/image?view=image&format=raw&type=orig&id=13615,
1317,,PZ,,,
1318,PY 56998,PZ,MBC345,https://www.poznanskieautobusy.pl/pl/gallery/image?view=image&format=raw&type=orig&id=13630,
1319,,PZ,,,
1320,PY 52255,PZ,MBC345,https://www.poznanskieautobusy.pl/pl/gallery/image?view=image&format=raw&type=orig&id=13746,
1321,,PZ,,,
1322,,PZ,,,
1323,,PZ,,,
1324,,PZ,,,
1325,,PZ,,,
1401,,PZ,,,
1402,,PZ,,,
1403,,PZ,,,
1404,,PZ,,,
1405,,PZ,,,
1406,,PZ,,,
1407,,PZ,,,
1408,,PZ,,,
1450,,PZ,,,
1451,,PZ,,,
1452,,PZ,,,
1453,,PZ,,,
1454,,PZ,,,
1455,,PZ,,,
1456,,PZ,,,
1457,,PZ,,,
1458,,PZ,,,
1459,,PZ,,,
1460,PO 772XK,PZ,SL312D,https://www.poznanskieautobusy.pl/pl/gallery/image?view=image&format=raw&type=orig&id=10622,
1461,,PZ,,,
1462,PO 775XK,PZ,SL312D,https://www.poznanskieautobusy.pl/pl/gallery/image?view=image&format=raw&type=orig&id=12512,
1465,,PZ,,,
1466,,PZ,,,
1467,,PZ,,,
1468,,PZ,,,
1469,,PZ,,,
1470,PO 921XT,PZ,SL312D,https://www.poznanskieautobusy.pl/pl/gallery/image?view=image&format=raw&type=orig&id=13005,
1471,,PZ,,,
1472,PO 930XT,PZ,SL312D,https://www.poznanskieautobusy.pl/pl/gallery/image?view=image&format=raw&type=orig&id=12530,
1473,,PZ,,,
1474,PO 931XT,PZ,SL312D,https://www.poznanskieautobusy.pl/pl/gallery/image?view=image&format=raw&type=orig&id=11534,
1475,,PZ,,,
1476,,PZ,,,
1477,PO 9F561,PZ,SL312D,https://www.poznanskieautobusy.pl/pl/gallery/image?view=image&format=raw&type=orig&id=12280,
1478,,PZ,,,
1479,,PZ,,,
1480,PO 2F462,PZ,SL312D,https://www.poznanskieautobusy.pl/pl/gallery/image?view=image&format=raw&type=orig&id=11962,
1481,,PZ,,,
1482,,PZ,,,
1483,,PZ,,,
1484,,PZ,,,
1490,,PZ,,,
1491,,PZ,,,
1492,,PZ,,,
1493,,PZ,,,
1501,PO 1NK05,PZ,SL412E,https://www.poznanskieautobusy.pl/pl/gallery/image?view=image&format=raw&type=orig&id=12053,
1502,PO 1NK06,PZ,SL412E,https://www.poznanskieautobusy.pl/pl/gallery/image?view=image&format=raw&type=orig&id=12993,
1503,,PZ,,,
1504,PO 1NK46,PZ,SL412E,https://www.poznanskieautobusy.pl/pl/gallery/image?view=image&format=raw&type=orig&id=12938,
1505,,PZ,,,
1506,PO 1NU40,PZ,SL412E,https://www.poznanskieautobusy.pl/pl/gallery/image?view=image&format=raw&type=orig&id=12088,
1601,PY 55145,PZ,SL412H,https://www.poznanskieautobusy.pl/pl/gallery/image?view=image&format=raw&type=orig&id=13699,
1602,PY 65123,PZ,SL412H,https://www.poznanskieautobusy.pl/pl/gallery/image?view=image&format=raw&type=orig&id=13694,
1603,,PZ,,,
1604,,PZ,,,
1605,PY 65106,PZ,SL412H,https://www.poznanskieautobusy.pl/pl/gallery/image?view=image&format=raw&type=orig&id=13716,
1606,PY 65188,PZ,SL412H,https://www.poznanskieautobusy.pl/pl/gallery/image?view=image&format=raw&type=orig&id=13696,
1607,,PZ,,,
1608,,PZ,,,
1609,PY 65073,PZ,SL412H,https://www.poznanskieautobusy.pl/pl/gallery/image?view=image&format=raw&type=orig&id=13720,
1610,PY 65177,PZ,SL412H,https://www.poznanskieautobusy.pl/pl/gallery/image?view=image&format=raw&type=orig&id=13718,
1611,,PZ,,,
1612,PY 65178,PZ,SL412H,https://www.poznanskieautobusy.pl/pl/gallery/image?view=image&format=raw&type=orig&id=13953,
1613,PY 65185,PZ,SL412H,https://www.poznanskieautobusy.pl/pl/gallery/image?view=image&format=raw&type=orig&id=13721,
1614,PY 65190,PZ,SL412H,https://www.poznanskieautobusy.pl/pl/gallery/image?view=image&format=raw&type=orig&id=13734,
1615,,PZ,,,
1616,,PZ,,,
1617,PY 65135,PZ,SL412H,https://www.poznanskieautobusy.pl/pl/gallery/image?view=image&format=raw&type=orig&id=13767,
1618,,PZ,,,
1619,,PZ,,,
1620,PY 65134,PZ,SL412H,https://www.poznanskieautobusy.pl/pl/gallery/image?view=image&format=raw&type=orig&id=13766,
1621,PY 65294,PZ,SL412H,https://www.poznanskieautobusy.pl/pl/gallery/image?view=image&format=raw&type=orig&id=13724,
1622,,PZ,,,
1623,,PZ,,,
1624,PY 65138,PZ,SL412H,https://www.poznanskieautobusy.pl/pl/gallery/image?view=image&format=raw&type=orig&id=13761,
1625,,PZ,,,
1626,,PZ,,,
1627,,PZ,,,
1628,,PZ,,,
1629,,PZ,,,
1630,PO 191NX,PZ,SL312D,https://www.poznanskieautobusy.pl/pl/gallery/image?view=image&format=raw&type=orig&id=2804,
1631,PO 646NX,PZ,SL312D,https://www.poznanskieautobusy.pl/pl/gallery/image?view=image&format=raw&type=orig&id=11079,
1632,,PZ,,,
1633,PO 644NX,PZ,SL312D,https://www.poznanskieautobusy.pl/pl/gallery/image?view=image&format=raw&type=orig&id=9822,
1634,,PZ,,,
1635,,PZ,,,
1636,PO 332PX,PZ,SL312D,https://www.poznanskieautobusy.pl/pl/gallery/image?view=image&format=raw&type=orig&id=2148,
1637,,PZ,,,
1638,,PZ,,,
1639,,PZ,,,
1640,,PZ,,,
1641,PO 240SE,PZ,SL312D,https://www.poznanskieautobusy.pl/pl/gallery/image?view=image&format=raw&type=orig&id=12516,
1642,PO 663SW,PZ,SL312D,https://www.poznanskieautobusy.pl/pl/gallery/image?view=image&format=raw&type=img&id=4292,
1643,PO 482SY,PZ,SL312D,https://www.poznanskieautobusy.pl/pl/gallery/image?view=image&format=raw&type=orig&id=9309,
1644,,PZ,,,
1645,,PZ,,,
1646,,PZ,,,
1647,,PZ,,,
1648,,PZ,,,
1649,PO 725SV,PZ,SL312D,https://www.poznanskieautobusy.pl/pl/gallery/image?view=image&format=raw&type=orig&id=2851,
1650,,PZ,,,
1651,,PZ,,,
1652,PO 921XK,PZ,SL312D,https://www.poznanskieautobusy.pl/pl/gallery/image?view=image&format=raw&type=orig&id=9347,
1653,,PZ,,,
1654,PO 923XK,PZ,SL312D,https://www.poznanskieautobusy.pl/pl/gallery/image?view=image&format=raw&type=orig&id=9349,
1655,,PZ,,,
1656,PO 925XK,PZ,SL312D,https://www.poznanskieautobusy.pl/pl/gallery/image?view=image&format=raw&type=orig&id=13407,
1657,PO 2F456,PZ,SL312D,https://www.poznanskieautobusy.pl/pl/gallery/image?view=image&format=raw&type=orig&id=6576,
1658,PO 2F457,PZ,SL312D,https://www.poznanskieautobusy.pl/pl/gallery/image?view=image&format=raw&type=orig&id=11950,
1659,,PZ,,,
1660,PO 2F459,PZ,SL312D,https://www.poznanskieautobusy.pl/pl/gallery/image?view=image&format=raw&type=orig&id=10751,
1661,PO 2F460,PZ,SL312D,https://www.poznanskieautobusy.pl/pl/gallery/image?view=image&format=raw&type=orig&id=10095,
1662,PO 5JP57,PZ,SL412D,https://www.poznanskieautobusy.pl/pl/gallery/image?view=image&format=raw&type=orig&id=13017,
1663,PO 8JP74,PZ,SL412D,https://www.poznanskieautobusy.pl/pl/gallery/image?view=image&format=raw&type=orig&id=13518,
1664,,PZ,,,
1665,PO 2JR39,PZ,SL412D,https://www.poznanskieautobusy.pl/pl/gallery/image?view=image&format=raw&type=orig&id=11699,
1666,,PZ,,,
1667,,PZ,,,
1668,PO 5JP65,PZ,SL412D,https://www.poznanskieautobusy.pl/pl/gallery/image?view=image&format=raw&type=orig&id=12976,
1669,,PZ,,,
1670,PO 5JP84,PZ,SL412D,https://www.poznanskieautobusy.pl/pl/gallery/image?view=image&format=raw&type=orig&id=12977,
1671,,PZ,,,
1672,PO 2JX30,PZ,SL412D,https://www.poznanskieautobusy.pl/pl/gallery/image?view=image&format=raw&type=orig&id=11326,
1673,PO 8JX22,PZ,SL412D,https://www.poznanskieautobusy.pl/pl/gallery/image?view=image&format=raw&type=orig&id=12162,
1674,PO 3JW18,PZ,SL412D,https://www.poznanskieautobusy.pl/pl/gallery/image?view=image&format=raw&type=orig&id=12341,
1675,PO 2JX41,PZ,SL412D,https://www.poznanskieautobusy.pl/pl/gallery/image?view=image&format=raw&type=orig&id=11581,
1676,PO 6JX33,PZ,SL412D,https://www.poznanskieautobusy.pl/pl/gallery/image?view=image&format=raw&type=orig&id=12644,
1680,,PZ,,,
1681,,PZ,,,
1701,PO 6MP14,PZ,SL418E,https://www.poznanskieautobusy.pl/pl/gallery/image?view=image&format=raw&type=orig&id=12548,
1702,,PZ,,,
1703,,PZ,,,
1704,,PZ,,,
1705,PO 2MP56,PZ,SL418E,https://www.poznanskieautobusy.pl/pl/gallery/image?view=image&format=raw&type=orig&id=12168,
1706,PO 9MP78,PZ,SL418E,https://www.poznanskieautobusy.pl/pl/gallery/image?view=image&format=raw&type=orig&id=11941,
1707,,PZ,,,
1708,,PZ,,,
1709,,PZ,,,
1710,,PZ,,,
1711,,PZ,,,
1712,PO 6NA57,PZ,SL418E,https://www.poznanskieautobusy.pl/pl/gallery/image?view=image&format=raw&type=orig&id=13405,
1713,,PZ,,,
1714,,PZ,,,
1715,,PZ,,,
1757,PO 869TA,PZ,SL386D,https://www.poznanskieautobusy.pl/pl/gallery/image?view=image&format=raw&type=orig&id=9067,
1758,,PZ,,,
1759,PO 870TA,PZ,SL386D,https://www.poznanskieautobusy.pl/pl/gallery/image?view=image&format=raw&type=orig&id=12281,
1760,PO 932TA,PZ,SL386D,https://www.poznanskieautobusy.pl/pl/gallery/image?view=image&format=raw&type=orig&id=4037,
1761,,PZ,,,
1762,PO 873TA,PZ,SL386D,https://www.poznanskieautobusy.pl/pl/gallery/image?view=image&format=raw&type=orig&id=9066,
1763,,PZ,,,
1764,PO 772UA,PZ,SL386D,https://www.poznanskieautobusy.pl/pl/gallery/image?view=image&format=raw&type=orig&id=7650,
1765,,PZ,,,
1766,PO 773UA,PZ,SL386D,https://www.poznanskieautobusy.pl/pl/gallery/image?view=image&format=raw&type=orig&id=7416,
1767,,PZ,,,
1768,PO 734UC,PZ,SL386D,https://www.poznanskieautobusy.pl/pl/gallery/image?view=image&format=raw&type=orig&id=8257,
1769,,PZ,,,
1770,PO 513TW,PZ,SL386D,https://www.poznanskieautobusy.pl/pl/gallery/image?view=image&format=raw&type=orig&id=11526,
1771,PO 512TW,PZ,SL386D,https://www.poznanskieautobusy.pl/pl/gallery/image?view=image&format=raw&type=orig&id=9374,
1772,PO 742TW,PZ,SL386D,https://www.poznanskieautobusy.pl/pl/gallery/image?view=image&format=raw&type=orig&id=10248,
1773,PO 511TW,PZ,SL386D,https://www.poznanskieautobusy.pl/pl/gallery/image?view=image&format=raw&type=orig&id=10347,
1774,PO 744TW,PZ,SL386D,https://www.poznanskieautobusy.pl/pl/gallery/image?view=image&format=raw&type=orig&id=9375,
1833,PO 774AN,PZ,SL318D,https://www.poznanskieautobusy.pl/pl/gallery/image?view=image&format=raw&type=orig&id=9196,
1844,,PZ,,,
1845,,PZ,,,
1846,,PZ,,,
1847,,PZ,,,
1848,,PZ,,,
1849,,PZ,,,
1850,,PZ,,,
1851,,PZ,,,
1852,,PZ,,,
1853,,PZ,,,
1854,PO 379MK,PZ,SL318D,https://www.poznanskieautobusy.pl/pl/gallery/image?view=image&format=raw&type=orig&id=13521,
1855,,PZ,,,
1856,,PZ,,,
1857,,PZ,,,
1858,,PZ,,,
1859,,PZ,,,
1860,,PZ,,,
1861,PO 926MS,PZ,SL318D,https://www.poznanskieautobusy.pl/pl/gallery/image?view=image&format=raw&type=orig&id=13799,
1862,PO 273SE,PZ,SL318D,https://www.poznanskieautobusy.pl/pl/gallery/image?view=image&format=raw&type=orig&id=12901,
1863,,PZ,,,
1864,,PZ,,,
1865,PO 771SF,PZ,SL318D,https://www.poznanskieautobusy.pl/pl/gallery/image?view=image&format=raw&type=orig&id=10556,
1866,,PZ,,,
1867,PO 678NX,PZ,SL318D,https://www.poznanskieautobusy.pl/pl/gallery/image?view=image&format=raw&type=orig&id=8264,
1868,,PZ,,,
1869,PO 680NX,PZ,SL318D,https://www.poznanskieautobusy.pl/pl/gallery/image?view=image&format=raw&type=orig&id=10749,
1870,,PZ,,,
1871,,PZ,,,
1872,PO 681NX,PZ,SL318D,https://www.poznanskieautobusy.pl/pl/gallery/image?view=image&format=raw&type=orig&id=13044,
1873,PO 248PC,PZ,SL318D,https://www.poznanskieautobusy.pl/pl/gallery/image?view=image&format=raw&type=orig&id=10070,
1874,PO 247PC,PZ,SL318D,https://www.poznanskieautobusy.pl/pl/gallery/image?view=image&format=raw&type=orig&id=8301,
1875,,PZ,,,
1876,,PZ,,,
1877,PO 879PV,PZ,SL318D,https://www.poznanskieautobusy.pl/pl/gallery/image?view=image&format=raw&type=orig&id=13376,
1878,,PZ,,,
1879,PO 877PV,PZ,SL318D,https://www.poznanskieautobusy.pl/pl/gallery/image?view=image&format=raw&type=orig&id=7124,
1880,PO 876PV,PZ,SL318D,https://www.poznanskieautobusy.pl/pl/gallery/image?view=image&format=raw&type=orig&id=12412,
1881,,PZ,,,
1882,,PZ,,,
1883,,PZ,,,
1884,,PZ,,,
1885,PO 366PX,PZ,SL318D,https://www.poznanskieautobusy.pl/pl/gallery/image?view=image&format=raw&type=orig&id=11115,
1886,PO 404RR,PZ,SL318D,https://www.poznanskieautobusy.pl/pl/gallery/image?view=image&format=raw&type=orig&id=8781,
1887,,PZ,,,
1888,PO 403RR,PZ,SL318D,https://www.poznanskieautobusy.pl/pl/gallery/image?view=image&format=raw&type=orig&id=10717,
1889,,PZ,,,
1890,,PZ,,,
1891,,PZ,,,
1892,,PZ,,,
1893,,PZ,,,
1894,PO 856SF,PZ,SL318D,https://www.poznanskieautobusy.pl/pl/gallery/image?view=image&format=raw&type=orig&id=8503,
1895,,PZ,,,
1896,,PZ,,,
1897,PO 481SY,PZ,SL418D,https://www.poznanskieautobusy.pl/pl/gallery/image?view=image&format=raw&type=orig&id=6220,
1901,PO 6R022,PZ,SL418D,https://www.poznanskieautobusy.pl/pl/gallery/image?view=image&format=raw&type=orig&id=12899,
1902,PO 9P571,PZ,SL418D,https://www.poznanskieautobusy.pl/pl/gallery/image?view=image&format=raw&type=orig&id=8250,
1903,PO 9P569,PZ,SL418D,https://www.poznanskieautobusy.pl/pl/gallery/image?view=image&format=raw&type=orig&id=12996,
1904,,PZ,,,
1905,,PZ,,,
1906,,PZ,,,
1907,,PZ,,,
1908,,PZ,,,
1909,,PZ,,,
1910,,PZ,,,
1911,,PZ,,,
1912,,PZ,,,
1913,PO 4HA41,PZ,SL418D,https://www.poznanskieautobusy.pl/pl/gallery/image?view=image&format=raw&type=orig&id=11442,
1914,,PZ,,,
1915,PO 4HA04,PZ,SL418D,https://www.poznanskieautobusy.pl/pl/gallery/image?view=image&format=raw&type=orig&id=12340,
1916,PO 8GW07,PZ,SL418D,https://www.poznanskieautobusy.pl/pl/gallery/image?view=image&format=raw&type=orig&id=12997,
1917,PO 2HC55,PZ,SL418D,https://www.poznanskieautobusy.pl/pl/gallery/image?view=image&format=raw&type=orig&id=13022,
1918,,PZ,,,
1919,PO 5HA89,PZ,SL418D,https://www.poznanskieautobusy.pl/pl/gallery/image?view=image&format=raw&type=orig&id=13040,
1920,,PZ,,,
1921,,PZ,,,
1922,PO 2HT01,PZ,SL418D,https://www.poznanskieautobusy.pl/pl/gallery/image?view=image&format=raw&type=orig&id=13024,
1923,PO 8HE06,PZ,SL418D,https://www.poznanskieautobusy.pl/pl/gallery/image?view=image&format=raw&type=orig&id=13632,
1924,,PZ,,,
1925,PO 6HH73,PZ,SL418D,https://www.poznanskieautobusy.pl/pl/gallery/image?view=image&format=raw&type=orig&id=13578,
1926,,PZ,,,
1927,,PZ,,,
1928,,PZ,,,
1930,,PZ,,,
1931,,PZ,,,
1932,,PZ,,,
1933,,PZ,,,
1934,,PZ,,,
1935,,PZ,SL418D,,
1936,,PZ,,,
1937,,PZ,SL418D,,
1938,,PZ,,,
1939,PO 3R341,PZ,SL418D,https://www.poznanskieautobusy.pl/pl/gallery/image?view=image&format=raw&type=orig&id=13629,
1981,,PZ,,,
1982,,PZ,,,
3001,PZ 4G356,KZ,SL312D,https://www.poznanskieautobusy.pl/pl/gallery/image?view=image&format=raw&type=orig&id=13762,
3003,,KZ,,,
3004,,KZ,,,
3005,,KZ,,,
3006,,KZ,,,
3007,,KZ,,,
3008,,KZ,,,
3009,PZ 7553T,KZ,SL312D,https://www.poznanskieautobusy.pl/pl/gallery/image?view=image&format=raw&type=orig&id=11106,
3010,,KZ,,,
3011,,KZ,,,
3012,PZ 1194C,KZ,SL312D,https://www.poznanskieautobusy.pl/pl/gallery/image?view=image&format=raw&type=orig&id=12111,
3014,,KZ,,,
3015,PZ 3A273,KZ,MNNL28,https://www.poznanskieautobusy.pl/pl/gallery/image?view=image&format=raw&type=orig&id=13439,
3016,PZ 040FS,KZ,SL312D,https://www.poznanskieautobusy.pl/pl/gallery/image?view=image&format=raw&type=orig&id=12540,
3018,,KZ,,,
3019,PZ 3F885,KZ,MNNG36,https://www.poznanskieautobusy.pl/pl/gallery/image?view=image&format=raw&type=orig&id=13532,
3020,,KZ,,,
3021,,KZ,,,
3022,PO 6GC60,KZ,SL412D,https://www.poznanskieautobusy.pl/pl/gallery/image?view=image&format=raw&type=orig&id=12127,
3023,PO 8HC49,KZ,MNNL24,https://www.poznanskieautobusy.pl/pl/gallery/image?view=image&format=raw&type=orig&id=11654,
3024,,KZ,,,
3025,,KZ,,,
3026,,KZ,,,
3027,,KZ,,,
3028,,KZ,,,
3029,,KZ,,,
4043,PZ 293NT,SW,SL412B,https://www.poznanskieautobusy.pl/pl/gallery/image?view=image&format=raw&type=orig&id=10780,
4049,PZ 149TL,SW,SL412B,https://www.poznanskieautobusy.pl/pl/gallery/image?view=image&format=raw&type=orig&id=11712,
4051,PZ 251TL,SW,SL412B,https://www.poznanskieautobusy.pl/pl/gallery/image?view=image&format=raw&type=orig&id=12105,
4120,PZ 99629,SW,SL315D,https://www.poznanskieautobusy.pl/pl/gallery/image?view=image&format=raw&type=orig&id=11443,
4131,PZ 507AA,SW,SL315D,https://www.poznanskieautobusy.pl/pl/gallery/image?view=image&format=raw&type=orig&id=10501,
4133,PZ 509AA,SW,SL315D,https://www.poznanskieautobusy.pl/pl/gallery/image?view=image&format=raw&type=orig&id=12621,
4202,PZ 137C1,SW,SL318D,https://www.poznanskieautobusy.pl/pl/gallery/image?view=image&format=raw&type=orig&id=12631,
4203,PZ 0746U,SW,SL318D,https://www.poznanskieautobusy.pl/pl/gallery/image?view=image&format=raw&type=orig&id=6984,
4210,PZ 6898F,SW,SL318D,https://www.poznanskieautobusy.pl/pl/gallery/image?view=image&format=raw&type=orig&id=9936,
4222,PZ 47483,SW,SL318D,https://www.poznanskieautobusy.pl/pl/gallery/image?view=image&format=raw&type=orig&id=10497,
4236,PZ 584XL,SW,SL418D,https://www.poznanskieautobusy.pl/pl/gallery/image?view=image&format=raw&type=orig&id=12614,
4302,,KL,,,
4307,,KL,,,
4309,,KL,,,
4310,,KL,,,
4311,,KL,,,
4312,,KL,,,
4313,,KL,,,
4314,PZ 803UR,KL,SL412D,https://www.poznanskieautobusy.pl/pl/gallery/image?view=image&format=raw&type=orig&id=12808,
4315,,KL,,,
4316,PZ 528WA,KL,SL412D,https://www.poznanskieautobusy.pl/pl/gallery/image?view=image&format=raw&type=orig&id=13908,
4317,PZ 529WA,KL,SL412D,https://www.poznanskieautobusy.pl/pl/gallery/image?view=image&format=raw&type=orig&id=13909,
4318,PZ 530WA,KL,SL412D,https://www.poznanskieautobusy.pl/pl/gallery/image?view=image&format=raw&type=orig&id=13137,
4319,PZ 531WA,KL,SL412D,https://phototrans.pl/images/photos/original/393/1146873.jpg,
4320,PZ 532WA,KL,SL412D,https://www.poznanskieautobusy.pl/pl/gallery/image?view=image&format=raw&type=orig&id=12398,
4321,,KL,,,
5008,PZ 2R560,KR,MBC530,https://www.poznanskieautobusy.pl/pl/gallery/image?view=image&format=raw&type=orig&id=13611,
5012,,KR,,,
5017,,KR,,,
5019,PZ 652YK,KR,MBC53G,https://www.poznanskieautobusy.pl/pl/gallery/image?view=image&format=raw&type=orig&id=12746,This one was bought as used by Kórnik in 2021.
5020,,KR,,,
5021,,KR,MBC53H,https://www.poznanskieautobusy.pl/pl/gallery/image?view=image&format=raw&type=orig&id=13430,This one was bought as used by Kórnik in 2022.
5022,,KR,,,
5023,,KR,,,
5028,,KR,,,
5029,,KR,,,
5034,,KR,,,
5039,,KR,,,
5040,PZ 3J451,KR,MBC530,https://www.poznanskieautobusy.pl/pl/gallery/image?view=image&format=raw&type=orig&id=13792,
5047,,KR,,,
5048,,KR,,,
5049,,KR,,,
5051,PZ 478SC,KR,MBC53G,https://www.poznanskieautobusy.pl/pl/gallery/image?view=image&format=raw&type=orig&id=11969,
5052,,KR,,,
5053,,KR,,,
5054,PZ 326SX,KR,MBS515,https://i.imgur.com/ccHIH5C.png,This one was bought by Kórnik in 2019.
5056,PZ 067RX,KR,SL412D,https://www.poznanskieautobusy.pl/pl/gallery/image?view=image&format=raw&type=orig&id=12836,
5057,,KR,,,
5070,PZ 367LX,KR,MBC53L,https://www.poznanskieautobusy.pl/pl/gallery/image?view=image&format=raw&type=orig&id=13507,This unit is the only O530L owned by Kórnik.
5086,,KR,,,
5092,PZ 935KX,KR,MBC530,https://www.poznanskieautobusy.pl/pl/gallery/image?view=image&format=raw&type=orig&id=10186,
5093,,KR,,,
5097,PZ 027ME,KR,SL315D,https://www.poznanskieautobusy.pl/pl/gallery/image?view=image&format=raw&type=orig&id=10073,
5098,PZ 083ME,KR,SL315D,https://www.poznanskieautobusy.pl/pl/gallery/image?view=image&format=raw&type=orig&id=10241,
5099,,KR,,,
6050,,LB,,,
6051,,LB,,,
6052,,LB,,,
6053,,LB,,,
6054,,LB,,,
6055,,LB,,,
6056,,LB,,,
6057,,LB,,,
6058,,LB,,,
6059,,LB,,,
6060,,LB,,,
6061,,LB,,,
6062,PZ 343UU,LB,SL412D,https://www.poznanskieautobusy.pl/pl/gallery/image?view=image&format=raw&type=orig&id=12023,
6063,,LB,,,
6064,,LB,,,
6065,,LB,,,
6066,,LB,,,
6067,,LB,,,
6068,,LB,,,
6103,,LB,,,
6124,,LB,,,
6130,,LB,,,
6132,,LB,,,
6133,,LB,,,
6134,,LB,,,
6135,,LB,,,
6137,,LB,,,
6138,,LB,,,
6139,,LB,,,
6140,,LB,,,
7001,,KM,,,
7002,,KM,,,
7003,,KM,,,
7004,,KM,,,
7005,,KM,,,
7006,,KM,,,
7007,,KM,,,
7008,,KM,,,
7009,,KM,,,
7010,,KM,,,
7011,,KM,,,
7012,,KM,,,
7013,,KM,,,
7014,,KM,,,
7015,,KM,,,
7017,,KM,,,
7018,,KM,,,
7019,,KM,,,
7020,,KM,,,
7021,,KM,,,
7022,,KM,,,
7023,,KM,,,
7031,,KM,,,
7032,,KM,,,
7033,,KM,,,
7034,,KM,,,
7035,,KM,,,
7036,,KM,,,
7037,,KM,,,
7038,,KM,,,
8000,,TP,,,
8006,,TP,,,
8008,,TP,,,
8017,,TP,,,
8018,,TP,,,
8027,,TP,,,
8030,,TP,,,
8032,,TP,,,
8033,,TP,,,
8035,,TP,,,
8036,,TP,,,
8037,,TP,,,
8038,,TP,,,
8039,,TP,,,
8040,,TP,,,
8041,,TP,,,
8042,,TP,,,
8043,,TP,,,
8044,,TP,,,
8045,,TP,,,
8046,,TP,,,
8047,,TP,,,
8048,,TP,,,
8049,,TP,,,
8050,,TP,,,
8051,,TP,,,
8052,,TP,,,
8055,,TP,,,
8056,,TP,,,
8057,,TP,,,
8058,,TP,,,
8059,,TP,,,
8060,,TP,,,
8061,,TP,,,
8062,,TP,,,
8063,,TP,,,
8064,,TP,,,
8310,,RK,,,
8311,PZ 4S228,RK,SL412B,https://www.poznanskieautobusy.pl/pl/gallery/image?view=image&format=raw&type=orig&id=13749,
8312,,RK,,,
8313,,RK,,,
8315,,RK,,,
8316,,RK,,,
8317,,RK,,,
8318,,RK,,,
8319,,RK,,,
8320,,RK,,,
8321,PZ 3E405,RK,SL312D,https://www.poznanskieautobusy.pl/pl/gallery/image?view=image&format=raw&type=orig&id=13687,
8322,,RK,,,
8323,,RK,,,
8324,,RK,,,
8325,,RK,,,
8326,,RK,,,
8327,,RK,,,
8328,,RK,,,
9101,,SL,,,
9102,PZ 331NL,SL,SL412D,https://www.poznanskieautobusy.pl/pl/gallery/image?view=image&format=raw&type=orig&id=12370,
9103,,SL,,,
9104,,SL,,,
9105,,SL,,,
9106,,SL,,,
9107,PZ 334NL,SL,SL412D,https://www.poznanskieautobusy.pl/pl/gallery/image?view=image&format=raw&type=orig&id=12419,
9108,,SL,,,
9109,PZ 026SN,SL,SL412D,https://www.poznanskieautobusy.pl/pl/gallery/image?view=image&format=raw&type=orig&id=13312,
9110,PZ 556WH,SL,SL312D,https://www.poznanskieautobusy.pl/pl/gallery/image?view=image&format=raw&type=orig&id=12451,
9111,PZ 3K741,SL,SL412B,https://www.poznanskieautobusy.pl/pl/gallery/image?view=image&format=raw&type=orig&id=13623,
9114,,SL,,,
9115,,SL,,,
9116,,SL,,,
9117,,SL,,,
9118,,SL,,,
9120,,SL,,,
9121,,SL,,,
9122,,SL,,,
9124,PZ 2G662,SL,SL310D,https://www.poznanskieautobusy.pl/pl/gallery/image?view=image&format=raw&type=orig&id=13296,
